Num_Preguntas,Tiempo_ms,Desv_Estandar
5,0.007068631866467522,0.0007068631866467523
8,0.019821650786448475,0.0019821650786448477
12,0.047409643560109155,0.0047409643560109155
16,0.07237191399782475,0.007237191399782475
20,0.12223542887350165,0.012223542887350166
25,0.18831003794549986,0.018831003794549987
30,0.2534698376312571,0.02534698376312571
35,0.3685890612190962,0.03685890612190962
40,0.45004864480547196,0.0450048644805472
45,0.6422613436120561,0.06422613436120561
